symbol,color1,color2,color3
MMM,[161. 182. 176.],[250. 251. 253.],[228. 229. 236.]
ABT,[  0. 149. 218.],[ 52. 154. 220.],[251. 253. 254.]
ABBV,[11. 15. 60.],[254. 254. 254.],[152. 154. 166.]
ABMD,[  1. 212. 108.],[  0. 129. 210.],[115.  61. 194.]
ACN,[255. 255. 255.],[154. 154. 154.],[0. 0. 0.]
ATVI,[165. 195. 238.],[239. 248. 253.],[145. 169. 193.]
ADBE,[239. 154.  27.],[ 52. 139. 175.],[247. 249. 243.]
AMD,[245.   9.   9.],[196.   3.   3.],[255.  36.  36.]
AAP,[255. 207.   8.],[92. 10. 15.],[254. 253. 253.]
AES,[127. 203.  40.],[  3.  83. 128.],[ 70. 109.  18.]
AFL,[ 13. 168. 227.],[244. 249. 252.],[248. 156.  58.]
A,[ 33. 136. 175.],[106. 114. 114.],[249. 251. 251.]
APD,[  0. 154.  73.],[  0. 154.  73.],[  0. 154.  73.]
AKAM,[  0. 153. 204.],[ 44. 153. 199.],[255. 153.  51.]
ALK,[  0. 151. 200.],[  4.  67. 111.],[173. 193. 153.]
ALB,[28. 43. 38.],[250. 251. 251.],[153. 158. 157.]
ARE,[ 81.  88. 106.],[178. 182. 189.],[253. 253. 253.]
ALXN,[  9.  23. 148.],[254. 254. 254.],[158. 162. 204.]
ALGN,[197. 212. 233.],[223. 233. 246.],[255. 255. 255.]
ALLE,[ 78. 164. 117.],[241. 243. 243.],[2. 1. 2.]
LNT,[246. 226.  18.],[251. 250. 248.],[ 87. 128. 150.]
ALL,[ 12. 120. 185.],[176. 207. 230.],[252. 253. 254.]
GOOGL,[239.  23.  21.],[252. 220. 218.],[255. 255. 255.]
GOOG,[ 25.  79. 151.],[246. 249. 249.],[133. 154. 192.]
MO,[225. 128. 111.],[245. 248. 248.],[ 59. 134. 155.]
AMZN,[143. 141. 140.],[34. 33. 32.],[254. 254. 254.]
AMCR,[ 47. 169. 222.],[17. 53. 77.],[179.  87. 123.]
AEE,[230.  31.  32.],[248. 248. 248.],[28. 76. 23.]
AAL,[188. 195. 203.],[255. 255. 255.],[216. 222. 228.]
AEP,[  3. 140. 218.],[245.  82.  45.],[203. 232. 138.]
AXP,[ 37. 145. 207.],[131. 204. 241.],[255. 255. 255.]
AIG,[ 23. 116. 178.],[144. 185. 215.],[253. 254. 254.]
AMT,[210.  17.  64.],[254. 253. 254.],[ 0.  0. -0.]
AWK,[ 67. 136. 233.],[254. 113. 104.],[255. 255. 255.]
AMP,[43. 63. 79.],[235. 245. 249.],[133. 150. 164.]
ABC,[  0.  80. 157.],[35. 31. 32.],[38. 22.  0.]
AME,[112. 114. 124.],[250. 250. 252.],[221. 221. 221.]
AMGN,[ 28.  96. 167.],[255. 255. 255.],[212. 220. 234.]
APH,[ -0.  93. 163.],[ 24. 163. 145.],[254. 254. 254.]
ADI,[  2. 110. 183.],[176. 198. 225.],[255. 255. 255.]
ANSS,[ 13. 236. 232.],[243. 243. 243.],[3. 5. 5.]
ANTM,[  0. 119. 198.],[210. 224. 241.],[255. 255. 255.]
AON,[225.  25.  33.],[254. 252. 252.],[231. 101. 103.]
AOS,[ 26. 121.  62.],[249. 250. 249.],[1. 1. 1.]
APA,[202. 157.  55.],[255. 255. 254.],[221. 193. 142.]
AAPL,[162. 171. 173.],[228. 230. 231.],[255. 255. 255.]
AMAT,[ 86. 156. 190.],[ 86. 156. 190.],[ 86. 156. 190.]
APTV,[222.  83.  54.],[251. 251. 251.],[3. 3. 3.]
ADM,[  0. 170.  75.],[  0.  56. 154.],[  0.  73. 147.]
ANET,[126. 136. 160.],[244. 245. 247.],[ 0.  2. 10.]
AJG,[143. 147. 134.],[ 9. 12. 20.],[230. 234. 234.]
AIZ,[249. 166.  26.],[ 62. 117. 152.],[  0. 176.  51.]
T,[  0. 168. 224.],[251. 253. 254.],[ 52. 172. 225.]
ATO,[ 94. 131. 212.],[253. 254. 255.],[173. 190. 231.]
ADSK,[182. 185. 175.],[56. 54. 54.],[253. 253. 253.]
ADP,[238.  36.  32.],[245. 153. 153.],[255. 253. 253.]
AZO,[243. 129.  36.],[214.  43.  38.],[255. 255. 255.]
AVB,[ 20.  47. 105.],[ 31.  54. 108.],[ 96. 111. 149.]
AVY,[216.   0.  36.],[255. 255. 255.],[245. 210. 212.]
BKR,[ 60. 141. 120.],[ 31. 104.  91.],[ 1. 48. 38.]
BLL,[  6. 155. 185.],[241. 251. 249.],[127. 196. 209.]
BAC,[230.  16.  47.],[  3. 102. 179.],[254. 248. 249.]
BK,[176. 126.  37.],[79. 76. 77.],[165. 157. 135.]
BAX,[ 37.  40. 105.],[215. 215. 224.],[253. 254. 254.]
BDX,[240. 121.  35.],[ 24.  72. 144.],[248. 249. 251.]
BRKB,[131. 102. 122.],[255. 254. 255.],[196. 185. 192.]
BBY,[244. 233.  24.],[ 0. -0.  0.],[ 10.  74. 191.]
BIO,[206. 201. 189.],[231. 226. 215.],[251. 247. 238.]
BIIB,[ 43. 117. 184.],[247. 252. 250.],[174. 203. 204.]
BLK,[2. 2. 2.],[117. 117. 117.],[248. 248. 248.]
BA,[  0.  44. 128.],[111. 112. 155.],[254. 254. 254.]
BKNG,[  5. 141. 208.],[245. 248. 250.],[ 1. 21. 55.]
BWA,[ 32.  64. 128.],[ 32.  64. 128.],[ 32.  64. 128.]
BXP,[242. 242. 242.],[245. 245. 245.],[255. 255. 255.]
BSX,[  7.  69. 126.],[  7.  69. 126.],[  7.  69. 126.]
BMY,[191. 172. 190.],[252. 252. 252.],[93. 91. 90.]
AVGO,[101. 101. 101.],[1. 1. 1.],[245. 245. 245.]
BR,[  1.  73. 135.],[250. 251. 252.],[129. 156. 185.]
BFB,[152.  97.  21.],[173. 132.  88.],[254. 254. 254.]
CHRW,[245. 123.  32.],[  0. 120. 174.],[ 0. -0.  0.]
COG,[  9.  51. 136.],[255. 255. 255.],[183. 191. 212.]
CDNS,[21. 24. 22.],[74. 74. 74.],[59. 61. 58.]
CZR,[146. 146. 149.],[253. 253. 254.],[28. 28. 30.]
CPB,[190.  25.  35.],[203. 154.  38.],[253. 251. 248.]
COF,[226.  42.   0.],[ -0.  72. 121.],[210.  46.  30.]
CAH,[241.  79.  64.],[254. 253. 253.],[ 0. -0.  0.]
KMX,[255. 226.   0.],[255. 213.  32.],[  0.  82. 159.]
CCL,[242.   3.  25.],[  9.  53. 122.],[249. 248. 249.]
CARR,[241. 155.  59.],[152. 212. 204.],[ 49. 102. 163.]
CTLT,[ 16. 108. 171.],[239. 239. 241.],[101. 101. 101.]
CAT,[255. 197.   1.],[249. 246. 241.],[-0. -0.  0.]
CBOE,[ 6. 27. 70.],[128. 140. 169.],[250. 252. 252.]
CBRE,[  0. 106.  77.],[  0. 106.  77.],[  0. 106.  77.]
CDW,[204.   0.   0.],[249. 216. 220.],[254. 255. 254.]
CE,[58. 98. 52.],[31. 68. 33.],[220. 218. 196.]
CNC,[  2.  64. 105.],[152. 149. 140.],[  0.  49. 100.]
CNP,[  0. 152. 214.],[35. 31. 32.],[38.  0.  0.]
CERN,[246. 254. 226.],[254. 254. 252.],[230. 254. 255.]
CF,[  1. 119. 192.],[142. 199.  66.],[251. 253. 253.]
CRL,[128. 165. 179.],[171. 194. 203.],[198. 213. 219.]
SCHW,[  0. 160. 223.],[  0. 160. 223.],[  0. 160. 223.]
CHTR,[  1.  98. 156.],[120. 121. 121.],[248. 250. 250.]
CVX,[195.  15.  32.],[ 24. 143. 203.],[  0.  84. 164.]
CMG,[168.  24.  20.],[249. 248. 248.],[69. 19.  0.]
CB,[240.  78.  38.],[226. 188. 191.],[ 38.  40. 133.]
CHD,[200.  27.  71.],[ 97. 113. 145.],[251. 248. 248.]
CI,[250. 152.   0.],[249. 251. 249.],[ 42. 158. 133.]
CINF,[  1. 153. 202.],[87. 91. 92.],[240. 248. 247.]
CTAS,[  2.  27. 103.],[252. 252. 253.],[109. 114. 152.]
CSCO,[132. 235. 241.],[ 90. 198. 112.],[107.  79.  13.]
C,[219.  34.  11.],[254. 248. 248.],[  3.  59. 115.]
CFG,[  0. 150.  94.],[  0. 150.  94.],[  0. 150.  94.]
CTXS,[ 44. 153. 220.],[159.  91. 246.],[192. 209.  72.]
CLX,[  0. 130. 200.],[ 65. 150.  57.],[ 70. 152.  21.]
CME,[ 83. 171. 209.],[28. 41. 76.],[231. 234. 236.]
CMS,[ -0. 148. 210.],[123. 189.  69.],[132. 194.  38.]
KO,[246. 238. 242.],[254. 254. 254.],[239. 239. 239.]
CTSH,[110. 176.  75.],[0. 0. 1.],[130. 205. 228.]
CL,[  5. 123. 194.],[0. 0. 0.],[255. 255. 255.]
CMCSA,[234. 109.  24.],[ 50. 114. 191.],[ -0. 179.  68.]
CMA,[  2.  43. 106.],[145. 153. 177.],[248. 248. 250.]
CAG,[227.  64.  48.],[22. 21. 22.],[ 60. 151. 123.]
COP,[242.  60.  60.],[255. 255. 255.],[251. 215. 215.]
ED,[ -0. 154. 216.],[254. 255. 255.],[110. 181. 226.]
STZ,[  3. 119. 191.],[248. 248. 250.],[ 2. 28. 91.]
COO,[ 24.  70. 139.],[255. 255. 255.],[211. 216. 228.]
CPRT,[193. 208. 222.],[173. 173. 173.],[253. 254. 254.]
GLW,[  0.  94. 209.],[164. 184. 232.],[115. 151. 223.]
CTVA,[ 93. 106.  34.],[137. 134.  89.],[175. 161. 138.]
COST,[227.  21.  52.],[255. 254. 254.],[241. 160. 169.]
CCI,[ 86. 100. 110.],[146. 154. 160.],[255. 255. 255.]
CSX,[ 16.  79. 140.],[117. 143. 178.],[165. 179. 202.]
CMI,[1. 1. 1.],[146. 146. 146.],[252. 252. 252.]
CVS,[197. 158. 154.],[232. 225. 226.],[219. 195. 185.]
DHI,[24. 36. 69.],[235. 243. 250.],[132. 141. 161.]
DHR,[ 15.  91. 155.],[254. 254. 254.],[138. 174. 202.]
DRI,[139.  24.  27.],[35. 31. 32.],[ 1. 32. 32.]
DVA,[248. 170.  18.],[  0.  31. 120.],[  9.  56. 112.]
DE,[214. 222. 219.],[238. 240. 240.],[252. 253. 253.]
DAL,[192.  24.  49.],[ 74.  99. 134.],[249. 249. 250.]
XRAY,[76. 78. 80.],[255. 255. 255.],[156. 157. 157.]
DVN,[184. 184. 184.],[255. 255. 255.],[76. 76. 76.]
DXCM,[107. 178.  58.],[191. 219. 175.],[254. 254. 253.]
FANG,[238. 236. 234.],[255. 255. 255.],[248. 248. 248.]
DLR,[ 89. 122. 161.],[21. 21. 21.],[249. 250. 250.]
DFS,[249. 160.  33.],[0. 0. 0.],[229.  92.  32.]
DISCA,[ 22. 117. 196.],[34. 30. 31.],[248. 250. 253.]
DISCK,[244. 185. 107.],[111. 119. 159.],[248. 248. 242.]
DISH,[227.  25.  50.],[254. 254. 254.],[0. 0. 0.]
DG,[255. 240.  -0.],[27. 26. 26.],[217. 217. 215.]
DLTR,[ 45. 156.  49.],[26. 24. 25.],[248. 251. 248.]
D,[ 45. 109. 186.],[8. 7. 7.],[253. 254. 254.]
DPZ,[210.  19.  45.],[  1. 120. 172.],[254. 253. 253.]
DOV,[216. 216. 216.],[190. 190. 190.],[254. 254. 254.]
DOW,[242.  60.  60.],[255. 255. 255.],[251. 215. 215.]
DTE,[ 29.  53. 117.],[253. 253. 254.],[124. 136. 172.]
DUK,[ 20. 188. 217.],[  2.  91. 134.],[ 80. 187.  64.]
DRE,[31. 27. 28.],[93. 91. 91.],[252. 252. 252.]
DD,[195. 137. 106.],[ 79. 111.  93.],[248. 245. 225.]
DXC,[130. 130. 130.],[247. 247. 247.],[9. 9. 9.]
EMN,[237.  27.  48.],[253. 221. 226.],[255. 255. 255.]
ETN,[  2. 102. 204.],[175. 196. 230.],[254. 254. 254.]
EBAY,[ 11. 103. 211.],[217. 122.  31.],[253. 254. 252.]
ECL,[  0. 153. 204.],[208. 242. 248.],[255. 255. 255.]
EIX,[146. 197. 130.],[254. 254. 254.],[218. 197. 156.]
EW,[177. 170. 164.],[30. 26. 20.],[225. 224. 222.]
EA,[186. 186. 186.],[255. 255. 255.],[1. 1. 1.]
EMR,[ 20.  81. 144.],[161. 163. 165.],[229. 230. 230.]
ENPH,[225. 231. 229.],[229. 229. 230.],[228. 228. 228.]
ETR,[252. 115.  54.],[ 47. 179. 189.],[227. 236. 232.]
EOG,[238.  50.  37.],[ 0.  0. -0.],[248. 248. 248.]
EFX,[244. 255. 252.],[248. 249. 245.],[254. 254. 254.]
EQIX,[50. 57. 72.],[237. 237. 239.],[254. 254. 254.]
EQR,[210. 174.  79.],[246. 242. 236.],[255. 255. 254.]
ESS,[11. 11. 11.],[154. 154. 154.],[254. 254. 254.]
EL,[2. 2. 2.],[119. 119. 119.],[248. 248. 248.]
ETSY,[213. 101.  29.],[248. 170. 142.],[245. 245. 240.]
EVRG,[  3. 140. 218.],[245.  82.  45.],[203. 232. 138.]
ES,[  0. 172. 237.],[ 0. -0. -0.],[  0. 148.  67.]
RE,[ 90. 124. 161.],[255. 255. 255.],[ 93.  78. 121.]
EXC,[247. 121.  23.],[ 85. 172.  60.],[ 14. 117. 191.]
EXPE,[  2.   2. 153.],[100. 100. 182.],[250. 250. 253.]
EXPD,[237.  63.  55.],[5. 7. 9.],[251. 246. 246.]
EXR,[ 47. 138. 195.],[114.  55.  50.],[244. 235. 205.]
XOM,[238.  23.  41.],[243. 162. 165.],[254. 248. 249.]
FFIV,[178.   8.  56.],[  1. 102. 158.],[194. 174.  47.]
FB,[ 59.  89. 152.],[242. 243. 247.],[139. 157. 195.]
FAST,[  7.  99. 159.],[244. 243. 243.],[154. 190. 214.]
FRT,[179. 167. 137.],[249. 250. 247.],[ 92.  99. 104.]
FDX,[234.  15.  20.],[251. 249. 249.],[ 85.  61. 141.]
FIS,[153. 201.  83.],[237. 246. 224.],[196. 222. 158.]
FITB,[ 22.  67. 153.],[ 78. 143.  60.],[ 80. 146.  54.]
FE,[ 27.  93. 172.],[35. 31. 32.],[248. 250. 252.]
FRC,[212. 210. 167.],[216. 218. 182.],[226. 226. 196.]
FISV,[254. 102.   3.],[254. 254. 254.],[ 85. 102. 119.]
FLT,[252. 115.  54.],[ 47. 179. 189.],[227. 236. 232.]
FMC,[232.  53.  36.],[240. 134. 127.],[255. 252. 251.]
F,[ 58. 136. 197.],[235. 236. 236.],[15. 40. 88.]
FTNT,[221. 219. 220.],[230. 230. 230.],[211. 209. 210.]
FTV,[123. 172. 118.],[251. 252. 251.],[5. 5. 5.]
FBHS,[229. 166.  83.],[250. 244. 246.],[30. 27. 53.]
FOXA,[163.  66.  25.],[ 76. 146. 160.],[223. 172. 143.]
FOX,[163.  66.  25.],[223. 172. 143.],[ 76. 146. 160.]
BEN,[222. 161.  84.],[19. 21. 50.],[250. 244. 246.]
FCX,[  1. 174. 239.],[ 0. -0.  0.],[241. 246. 248.]
GPS,[-0. 40. 94.],[ 82.  94. 129.],[243. 244. 246.]
GRMN,[  0. 124. 195.],[  0. 124. 195.],[  0. 124. 195.]
IT,[  3. 100. 152.],[169. 191. 210.],[253. 254. 254.]
GNRC,[201. 121.  70.],[ 91. 132. 156.],[245. 245. 240.]
GD,[ 19.  44. 142.],[113. 169. 214.],[252. 253. 254.]
GE,[ 49. 153. 216.],[252. 252. 253.],[116.  24.  56.]
GIS,[226.  31.  38.],[  8.  86. 163.],[254. 248. 249.]
GM,[ 19.  44. 142.],[252. 253. 254.],[113. 169. 214.]
GPC,[253. 184.  38.],[  3.  85. 164.],[254. 254. 254.]
GILD,[200.  -0.  55.],[ 83. 109. 110.],[100. 101. 105.]
GL,[  2.  78. 133.],[119. 155. 167.],[247. 249. 250.]
GPN,[ 14.  72. 129.],[242. 245. 248.],[113. 145. 177.]
GS,[115. 153. 198.],[255. 255. 255.],[237. 241. 247.]
GWW,[190.  33.  34.],[254. 255. 255.],[249. 222. 222.]
HAL,[237.  23.  31.],[255. 255. 255.],[250. 211. 212.]
HBI,[237.  34.  36.],[102.  30.  93.],[94. 30. 95.]
HIG,[128.  36.  40.],[251. 253. 254.],[180. 143. 146.]
HAS,[  6. 136. 192.],[ 35.  80. 149.],[247. 249. 252.]
HCA,[ 19. 123. 172.],[14. 71. 84.],[250. 251. 251.]
PEAK,[202.  14.  18.],[228. 121. 115.],[246. 240. 236.]
HSIC,[137. 148. 208.],[181. 197. 227.],[223. 225. 228.]
HSY,[64. -0.  9.],[123. 111. 113.],[168. 169. 172.]
HES,[  2. 138.  94.],[249. 252. 251.],[153. 199. 180.]
HPE,[  0. 179. 136.],[66. 85. 99.],[71. 69. 94.]
HLT,[ 2. 42. 77.],[254. 254. 254.],[139. 147. 159.]
HFC,[  0.  51. 111.],[58. 66. 74.],[101. 108. 115.]
HOLX,[134. 193. 191.],[251. 253. 250.],[215. 214. 209.]
HD,[239. 100.  37.],[242. 185. 148.],[247. 250. 244.]
HON,[195. 200. 204.],[216. 220. 221.],[255. 255. 255.]
HRL,[210.  34.  41.],[  3. 145.  77.],[253. 248. 249.]
HST,[241. 237. 230.],[248. 248. 245.],[244. 245. 236.]
HWM,[ 24. 169. 194.],[20. 18. 18.],[220. 234. 237.]
HPQ,[  1. 150. 214.],[138. 194. 231.],[254. 255. 255.]
HUM,[193.  23. 107.],[237. 236. 237.],[103. 139.  75.]
HBAN,[102. 189.  41.],[255. 255. 255.],[120. 113. 104.]
HII,[230. 181.  59.],[  0.  74. 140.],[245. 246. 242.]
IEX,[222. 161.  84.],[19. 21. 50.],[250. 244. 246.]
IDXX,[217. 221. 220.],[253. 253. 253.],[242. 244. 243.]
INFO,[130. 143. 137.],[202. 215. 209.],[254. 254. 254.]
ITW,[110.  15.  26.],[110.  15.  26.],[110.  15.  26.]
ILMN,[154. 122.  91.],[214. 193. 168.],[246. 245. 243.]
INCY,[206.  58.  58.],[228. 227. 227.],[245. 248. 248.]
IR,[79. 41. 44.],[218. 210. 211.],[142. 108. 111.]
INTC,[  8. 131. 210.],[  5. 119. 191.],[  0. 127. 196.]
ICE,[116. 199. 231.],[-0.  0. -0.],[255. 255. 255.]
IBM,[  5.  48. 173.],[143. 149. 207.],[ 58.  74. 180.]
IP,[21. 19. 19.],[242. 242. 242.],[117. 116. 116.]
IPG,[ 20. 119. 198.],[11. 50. 93.],[131. 194. 236.]
IFF,[ -0. 127. 199.],[251. 253. 253.],[100. 169. 217.]
INTU,[151. 168. 183.],[233. 230. 224.],[255. 255. 255.]
ISRG,[15. 15. 15.],[139. 139. 139.],[252. 252. 252.]
IVZ,[ 81.  73. 201.],[197. 219. 250.],[  1.   1. 116.]
IPGP,[  6.  47. 126.],[191. 185. 195.],[254. 254. 254.]
IQV,[ 19. 123. 172.],[250. 251. 251.],[14. 71. 84.]
IRM,[ 15.  70. 111.],[134. 135. 137.],[246. 246. 247.]
JKHY,[ 22.  50. 101.],[253. 253. 253.],[146. 152. 172.]
J,[  0.  51. 141.],[210. 214. 228.],[255. 255. 255.]
JBHT,[255. 219.   1.],[-0. -0.  0.],[249. 247. 241.]
SJM,[237.  63.  67.],[34. 30. 31.],[254. 253. 253.]
JNJ,[216.  21.   0.],[245. 211. 202.],[255. 252. 253.]
JCI,[124. 185.  -0.],[ 14. 131. 173.],[244. 248. 246.]
JPM,[ 31.  89. 151.],[179. 195. 210.],[74. 78. 55.]
JNPR,[210. 210. 210.],[250. 250. 250.],[255. 255. 255.]
KSU,[242. 164.  12.],[204. 192. 196.],[225.  60.  51.]
K,[ 29. 108. 168.],[189. 142. 131.],[147.  69.  39.]
KEY,[204.   0.  -0.],[245. 239. 239.],[0. 0. 0.]
KEYS,[229.  10.  38.],[82. 82. 82.],[245. 243. 243.]
KMB,[ 63. 148. 203.],[255. 255. 255.],[65. 71. 73.]
KIM,[121. 138. 165.],[102. 103. 107.],[248. 244. 243.]
KMI,[217.  58.  49.],[254. 249. 249.],[35. 31. 32.]
KLAC,[ 54. 148. 199.],[32. 27. 55.],[249. 251. 252.]
KHC,[247.  33.   0.],[ 27.  59. 111.],[230.  36.  26.]
KR,[ 12.  75. 153.],[255. 255. 255.],[184. 192. 202.]
LB,[14. 37. 96.],[253. 254. 254.],[161. 170. 186.]
LHX,[194. 126. 127.],[254. 254. 254.],[29. 38. 38.]
LH,[  0. 125. 164.],[255. 255. 255.],[210. 225. 233.]
LRCX,[  2.  81. 135.],[124. 147. 176.],[253. 253. 254.]
LW,[247. 140.  27.],[231. 232. 234.],[ 14.  58. 103.]
LVS,[158. 136. 109.],[209. 200. 189.],[254. 254. 254.]
LEG,[246.  84.  71.],[156. 149. 151.],[24. 58. 77.]
LDOS,[133.  15. 136.],[30. 22. 70.],[189. 190. 188.]
LEN,[  0.  93. 170.],[  0.  93. 170.],[  0.  93. 170.]
LLY,[240.  23.  22.],[255. 255. 255.],[251. 211. 211.]
LNC,[152.   1.  46.],[ 0. 33. 30.],[35. 31. 32.]
LIN,[ 45. 111. 197.],[220. 139. 104.],[237. 236. 223.]
LYV,[231.  28.  58.],[255. 253. 253.],[249. 209. 215.]
LKQ,[  2.  84. 150.],[248. 249. 251.],[136. 160. 193.]
LMT,[  0.  91. 173.],[255. 255. 255.],[210. 219. 235.]
L,[ 16.  78. 145.],[250. 252. 252.],[178. 209. 229.]
LOW,[  4.  71. 143.],[138. 156. 190.],[230. 232. 239.]
LUMN,[182. 161. 151.],[242. 249. 245.],[48. 63. 64.]
LYB,[ 85. 106. 118.],[178. 186. 191.],[252. 252. 253.]
MTB,[  2. 120.  86.],[  2. 120.  86.],[  2. 120.  86.]
MRO,[240.  13.  75.],[  3.  92. 173.],[254. 248. 249.]
MPC,[240.  13.  75.],[  3.  92. 173.],[254. 248. 249.]
MKTX,[30. 40. 47.],[142. 147. 148.],[242. 243. 245.]
MAR,[180.  31.  58.],[255. 255. 255.],[237. 212. 215.]
MMC,[  2. 139. 179.],[  1.  43. 119.],[197. 234. 244.]
MLM,[  0. 137. 205.],[253. 253. 253.],[ 90.  96. 100.]
MAS,[  4. 105. 183.],[235. 243. 244.],[197. 169.  23.]
MA,[235.   1.  26.],[254. 250. 250.],[250. 136.  17.]
MKC,[127.  87.  77.],[198. 170. 159.],[244. 236. 231.]
MXIM,[ 29. 180. 175.],[253. 254. 254.],[145. 167. 166.]
MCD,[192. 183. 144.],[43. 42. 42.],[251. 251. 250.]
MCK,[242. 145.  47.],[255. 251. 249.],[ 25.  79. 160.]
MDT,[253. 253. 253.],[222. 222. 222.],[235. 235. 235.]
MRK,[ 17. 119. 113.],[18. 15. 15.],[245. 246. 246.]
MET,[  1. 119. 191.],[164. 208.  68.],[250. 252. 250.]
MTD,[101. 166.  75.],[199. 222. 191.],[252. 253. 251.]
MGM,[177. 128.  30.],[210. 159.  83.],[253. 252. 249.]
MCHP,[29. 29. 29.],[135. 135. 135.],[250. 250. 250.]
MU,[  1. 120. 200.],[255. 255. 254.],[213. 238. 249.]
MSFT,[249. 132.  15.],[123. 152.  57.],[  5. 166. 238.]
MAA,[166. 113.  49.],[2. 2. 2.],[248. 248. 244.]
MHK,[229.  26.  56.],[ 0.  0. -0.],[248. 248. 248.]
TAP,[250. 176.  19.],[12. 24. 51.],[241. 188. 164.]
MDLZ,[208.  19.  19.],[253. 248. 248.],[ 81.  34. 115.]
MPWR,[36. 37. 40.],[120. 122. 123.],[238. 239. 240.]
MNST,[137. 204.  67.],[6. 1. 1.],[ 84. 120.  39.]
MCO,[  0.  40. 161.],[  0.  40. 161.],[  0.  40. 161.]
MS,[18. 29. 66.],[114. 112. 125.],[232. 232. 232.]
MOS,[163. 125.   7.],[ 2. 84. 76.],[0. 0. 0.]
MSI,[-0. -0. -0.],[255. 255. 255.],[158. 158. 158.]
MSCI,[248. 248. 248.],[116. 116. 116.],[1. 1. 1.]
NDAQ,[ 50.  92. 149.],[252. 253. 253.],[159. 185. 212.]
NTAP,[120. 159. 211.],[233. 236. 242.],[ 89. 103.  46.]
NFLX,[221.   8.  19.],[10.  0.  1.],[236. 119. 121.]
NWL,[ 41. 141. 193.],[111.  89.  68.],[105.  96.  87.]
NEM,[  0.  39. 131.],[168. 153. 110.],[  1.  58. 129.]
NWSA,[252. 115.  54.],[227. 236. 232.],[ 47. 179. 189.]
NWS,[ 9. 10. 12.],[250. 250. 250.],[138. 139. 139.]
NEE,[ -0. 151. 218.],[-0. -0.  0.],[120. 194.  57.]
NLSN,[  0. 174. 255.],[198. 187.  31.],[199.  16.  97.]
NKE,[229.  25.  33.],[255. 255. 255.],[222. 158. 157.]
NI,[ 51. 102. 166.],[253. 253. 254.],[148. 171. 204.]
NSC,[136. 144. 152.],[241. 239. 233.],[31. 34. 41.]
NTRS,[17. 87. 64.],[255. 255. 255.],[211. 219. 215.]
NOC,[  0. 105. 176.],[  0. 105. 176.],[  0. 105. 176.]
NLOK,[234. 147.  11.],[49. 57. 65.],[245. 242. 239.]
NCLH,[ 52.  99. 110.],[229. 230. 229.],[136. 170. 179.]
NOV,[250. 126. 128.],[254. 222. 212.],[117. 213. 235.]
NRG,[2. 2. 2.],[255. 255. 255.],[166. 166. 166.]
NUE,[65. 62. 54.],[221. 222. 221.],[141. 143. 147.]
NVDA,[118. 185.   0.],[118. 185.   0.],[118. 185.   0.]
NVR,[97. 42. 99.],[5. 5. 5.],[254. 254. 254.]
NXPI,[229. 193.  10.],[123. 176. 217.],[252. 252. 239.]
ORLY,[203.  35.  44.],[253. 252. 252.],[ 1. 80. 44.]
OXY,[237.  27.  45.],[  3.  92. 172.],[254. 248. 249.]
ODFL,[164. 123.  88.],[ 9. 80. 47.],[210. 209. 209.]
OMC,[111. 111. 111.],[6. 6. 6.],[247. 247. 247.]
OKE,[  1. 147. 208.],[114. 115. 118.],[255. 255. 255.]
ORCL,[225.  -0.   0.],[-0. -0.  0.],[253. 251. 252.]
OTIS,[  4.  71. 219.],[158. 175. 236.],[254. 255. 255.]
PCAR,[75. 75. 75.],[7. 7. 7.],[250. 250. 250.]
PKG,[ 21.  52. 113.],[118. 130. 161.],[165. 170. 191.]
PH,[62. 55. 49.],[196. 193. 191.],[116. 113. 110.]
PAYX,[ 44.  74. 126.],[126. 100.  49.],[249. 249. 249.]
PAYC,[  3. 186.  99.],[ 27. 148.  81.],[65. 65. 67.]
PYPL,[219. 253. 255.],[252. 253. 252.],[240. 250. 250.]
PENN,[121. 115. 106.],[251. 251. 251.],[171. 172. 170.]
PNR,[218. 218. 218.],[242. 242. 242.],[255. 255. 255.]
PBCT,[157.  35.  54.],[  1.  45. 114.],[252. 248. 249.]
PEP,[235.  -0.  37.],[  7.  85. 168.],[253. 252. 253.]
PKI,[252. 115.  54.],[ 47. 179. 189.],[227. 236. 232.]
PRGO,[146. 197. 130.],[254. 254. 254.],[218. 197. 156.]
PFE,[229.  18.  88.],[ 99. 192. 175.],[247. 248. 249.]
PM,[ 78. 162. 218.],[255. 255. 255.],[217. 233. 246.]
PSX,[205.  38.  35.],[254. 253. 253.],[-0. -0. -0.]
PNW,[120.  89. 189.],[245. 244. 243.],[ 3.  3. 44.]
PXD,[68. 93. 55.],[168. 177. 163.],[253. 253. 253.]
PNC,[255.  85.   3.],[248. 249. 253.],[ -0.  46. 205.]
POOL,[103. 175. 180.],[222. 225. 227.],[171. 211. 217.]
PPG,[ 90. 114. 139.],[243. 238. 220.],[134. 155. 143.]
PPL,[ 27. 131. 197.],[255. 255. 255.],[ 39.  48. 126.]
PFG,[  1. 153. 202.],[248. 249. 250.],[86. 91. 92.]
PG,[  0.  55. 177.],[  0.  55. 177.],[  0.  55. 177.]
PGR,[  0.  83. 186.],[255. 255. 255.],[210. 218. 238.]
PLD,[239. 231. 233.],[228. 228. 227.],[227. 232. 235.]
PRU,[  0. 120. 196.],[  0. 120. 196.],[  0. 120. 196.]
PTC,[ 10. 253.  10.],[246. 248. 246.],[ 12.  12. 135.]
PEG,[239. 144.  99.],[7. 7. 7.],[252. 249. 249.]
PSA,[157. 183. 197.],[238. 240. 242.],[198. 217. 220.]
PHM,[224. 158.  50.],[  7.  57. 100.],[251. 240.  86.]
PVH,[174. 145. 131.],[250. 248. 246.],[ 84.  89. 100.]
QRVO,[2. 2. 2.],[138. 138. 138.],[254. 254. 254.]
PWR,[237.  26.  44.],[35. 31. 32.],[253. 205. 130.]
QCOM,[ 44.  81. 220.],[253. 253. 255.],[181. 189. 240.]
DGX,[186. 202.  51.],[254. 254. 251.],[ 74. 118.  55.]
RL,[7. 7. 7.],[138. 138. 138.],[252. 252. 252.]
RJF,[ 0. 41. 73.],[ 0. 41. 73.],[ 0. 41. 73.]
RTX,[235.  10.  29.],[227. 131. 135.],[255. 254. 254.]
O,[238.  27.  46.],[242. 176.  80.],[252. 250. 244.]
REG,[228.  78.  11.],[239. 163. 141.],[255. 255. 255.]
REGN,[193. 163. 126.],[ 92.  98. 100.],[63. 48. 30.]
RF,[132. 189.   0.],[ 96. 134.  29.],[101. 141.  27.]
RSG,[232.  18.  66.],[216.  26.  74.],[  0.  66. 125.]
RMD,[231.  34.  53.],[ 40. 157. 212.],[242. 243. 244.]
RHI,[243. 243. 243.],[255. 255. 255.],[251. 251. 251.]
ROK,[196.  62.  72.],[185. 169. 169.],[253. 252. 252.]
ROL,[251. 108.  59.],[27. 26. 58.],[148. 153. 168.]
ROP,[201. 121.  70.],[ 91. 132. 156.],[245. 245. 240.]
ROST,[ 70. 140. 198.],[253. 254. 254.],[215. 233. 242.]
RCL,[  6.  73. 191.],[10. 14. 24.],[ 93. 126. 152.]
SPGI,[254. 254. 254.],[255. 255. 255.],[245. 245. 245.]
CRM,[  1. 158. 219.],[255. 255. 255.],[134. 193. 231.]
SBAC,[204.   3.   1.],[237. 228. 231.],[  2.  48. 109.]
SLB,[  0.  51. 102.],[  0.  51. 102.],[  0.  51. 102.]
STX,[252. 250. 231.],[237. 254. 252.],[254. 253. 253.]
SEE,[212. 200.  54.],[  1. 127. 132.],[252. 252. 248.]
SRE,[224.  16.  73.],[  0.  72. 156.],[ 32.  67. 148.]
NOW,[128. 182. 161.],[21. 37. 45.],[41. 62. 64.]
SHW,[239.  65.  53.],[254. 253. 254.],[  3. 104. 177.]
SPG,[246. 246. 246.],[241. 241. 241.],[236. 236. 236.]
SWKS,[ 87. 155. 192.],[195. 215. 229.],[255. 255. 255.]
SNA,[255. 211.   0.],[203. 243. 215.],[251. 214.  44.]
SO,[92. 78. 79.],[246. 246. 247.],[151. 148. 151.]
LUV,[239. 106.  27.],[224. 223. 225.],[ 49.  79. 187.]
SWK,[239. 209.  11.],[63. 54. 30.],[255. 253. 244.]
SBUX,[233. 199. 133.],[54. 59. 41.],[255. 252. 252.]
STT,[  0. 103. 177.],[252. 255. 254.],[208. 223. 237.]
STE,[227. 244. 254.],[254. 254. 254.],[246. 253. 250.]
SYK,[254. 254. 254.],[121. 121. 121.],[3. 3. 3.]
SIVB,[  0. 161. 228.],[  0.  80. 111.],[  0.  91. 127.]
SYF,[255. 197.   3.],[50. 50. 50.],[254. 254. 253.]
SNPS,[ 88.  36. 127.],[253. 252. 253.],[159. 139. 179.]
SYY,[  1. 136. 216.],[ 75. 185.  43.],[242. 248. 247.]
TMUS,[237.  -0. 140.],[198. 101. 149.],[153. 155. 158.]
TROW,[ 33. 196. 221.],[112. 111. 116.],[255. 255. 255.]
TTWO,[ 16.  64. 159.],[23. 25. 53.],[198. 180. 115.]
TPR,[246. 233. 142.],[186. 179. 221.],[216. 169. 176.]
TGT,[204.   1.   1.],[254. 252. 252.],[217.  98.  98.]
TEL,[166. 154. 152.],[251. 245. 245.],[59. 59. 59.]
TDY,[ 15. 117. 192.],[133. 173. 215.],[245. 248. 252.]
TFX,[40. 53. 83.],[144. 150. 157.],[222. 224. 223.]
TER,[  0.  66. 147.],[210. 215. 229.],[255. 255. 255.]
TSLA,[204.   0.   0.],[246. 246. 246.],[82. 80. 80.]
TXN,[204.   1.   1.],[0. 0. 0.],[247. 241. 241.]
TXT,[  0.  82. 144.],[  0.  82. 144.],[  0.  82. 144.]
TMO,[208.  64.  41.],[ 84. 127. 186.],[35. 42. 60.]
TJX,[195.  18.  46.],[232. 184. 188.],[255. 255. 255.]
TSCO,[210.   0.   0.],[36.  0.  0.],[0. 0. 0.]
TT,[116.  59. 227.],[2. 2. 2.],[254. 254. 254.]
TDG,[47. 69. 84.],[235. 244. 247.],[159. 167. 173.]
TRV,[230.  22.  22.],[ 0. -0. -0.],[248. 241. 241.]
TRMB,[238. 182.  18.],[ 12.  78. 128.],[223. 226. 231.]
TFC,[43. 26. 70.],[194. 192. 199.],[251. 251. 252.]
TWTR,[ 31. 160. 243.],[171. 184. 194.],[ 94. 167. 212.]
TYL,[ 34. 190. 194.],[75. 30. 89.],[150.  28. 139.]
TSN,[ 0. 31. 83.],[ 0. 31. 83.],[ 0. 31. 83.]
UDR,[254.  29.   7.],[ 66. 108. 188.],[252. 252. 251.]
ULTA,[236.   0.  73.],[239.  74. 114.],[254. 253. 253.]
USB,[216.  39.  63.],[254. 253. 254.],[  3.  68. 144.]
UAA,[190.  87.  74.],[142. 216. 215.],[75. 48. 53.]
UA,[190.  87.  74.],[142. 216. 215.],[75. 48. 53.]
UNP,[226. 153.  36.],[162.  47.  42.],[147. 168. 204.]
UAL,[131. 189. 231.],[13. 32. 61.],[235. 245. 249.]
UNH,[223. 201.  27.],[194. 195. 192.],[ 28.  98. 109.]
UPS,[254. 215.   0.],[49. 22. 22.],[209. 123.  17.]
URI,[  0. 103. 178.],[137. 138. 141.],[254. 255. 255.]
UHS,[  0.  85. 129.],[255. 255. 255.],[210. 218. 226.]
UNM,[  0.  82. 152.],[ 91. 135. 160.],[ 98. 140. 161.]
VLO,[255. 185.   0.],[  0.  96. 145.],[  0. 108. 135.]
VTR,[252. 115.  54.],[ 47. 179. 189.],[227. 236. 232.]
VRSN,[238.  63.  53.],[244. 183. 101.],[36. 32. 96.]
VRSK,[141. 164. 188.],[247. 247. 250.],[79. 50. 85.]
VZ,[205.   4.  11.],[-0. -0.  0.],[134.   3.   7.]
VRTX,[60. 15. 93.],[255. 255. 255.],[140. 128. 155.]
VFC,[  2.  49. 153.],[248. 248. 249.],[171. 172. 177.]
VIAC,[  2. 149. 195.],[248. 251. 253.],[22. 43. 72.]
VTRS,[241. 204.  29.],[244. 244. 246.],[ 57.  51. 121.]
V,[181. 181. 203.],[214. 214. 227.],[255. 255. 255.]
VNO,[15. 50. 85.],[251. 251. 251.],[148. 157. 170.]
VMC,[166. 166. 219.],[240. 244. 247.],[185. 192. 204.]
WRB,[ 0. 72. 18.],[210. 216. 211.],[255. 255. 255.]
WAB,[186.  69.  76.],[239. 231. 230.],[30. 28. 29.]
WMT,[197. 212. 233.],[223. 233. 246.],[255. 255. 255.]
WBA,[142. 200.  62.],[28. 34. 98.],[162. 200. 233.]
DIS,[251. 190.  79.],[ 95. 103. 193.],[ 73. 193. 165.]
WM,[237. 170.  -0.],[  4. 106.  56.],[254. 252. 248.]
WAT,[7. 7. 7.],[139. 139. 139.],[252. 252. 252.]
WEC,[  0. 136. 206.],[102.  89.  76.],[95. 95. 95.]
WFC,[255. 255.   0.],[255. 255. 248.],[205.  22.  11.]
WELL,[222. 161.  84.],[19. 21. 50.],[250. 244. 246.]
WST,[ 10. 111. 132.],[223. 226. 218.],[133. 160. 169.]
WDC,[255. 212.   0.],[157.  10.  14.],[  2.  93. 126.]
WU,[167. 167. 167.],[128. 128. 128.],[223. 223. 223.]
WRK,[255. 131.   3.],[252. 250. 249.],[  1. 104. 168.]
WY,[  0. 139.  76.],[0. 0. 0.],[  0. 129.  71.]
WHR,[ 13.  67. 107.],[255. 255. 255.],[215. 218. 221.]
WMB,[219. 176.  73.],[242. 241. 244.],[165. 202. 195.]
WLTW,[110.  43. 141.],[187. 165. 200.],[254. 254. 254.]
WYNN,[213.   1.  60.],[206.  43.  70.],[177. 154.  97.]
XEL,[237.  34.  41.],[34. 30. 31.],[248. 248. 248.]
XLNX,[228.  30.  28.],[234. 230. 231.],[157. 145. 144.]
XYL,[  0. 127. 168.],[115. 171. 196.],[164. 197. 214.]
YUM,[237.  29.  38.],[255. 255. 255.],[253. 220. 221.]
ZBRA,[ 10. 140. 120.],[ 90. 194. 177.],[249. 248. 245.]
ZBH,[ -0. 159. 223.],[55. 27.  0.],[51. 51. 51.]
ZION,[84. 83. 74.],[218. 218. 217.],[255. 255. 255.]
ZTS,[193. 127.  95.],[239. 234. 232.],[254. 254. 254.]
